{"cameraMode":{"drawMode":0,"name":"Shaded","section":"Shading Mode"},"sceneLighting":false,"audioPlay":false,"sceneViewState":{"m_AlwaysRefresh":false,"showFog":true,"showSkybox":false,"showFlares":true,"showImageEffects":true,"showParticleSystems":true,"showVisualEffectGraphs":true,"m_FxEnabled":true},"in2DMode":false,"pivot":{"x":-0.18086501955986024,"y":0.04738357663154602,"z":-0.33151569962501528},"rotation":{"x":-0.352521151304245,"y":0.017409492284059526,"z":-0.006546303629875183,"w":-0.935671329498291},"size":0.2079552263021469,"orthographic":false}