{"cameraMode":{"drawMode":0,"name":"Shaded","section":"Shading Mode"},"sceneLighting":true,"audioPlay":false,"sceneViewState":{"m_AlwaysRefresh":false,"showFog":true,"showSkybox":true,"showFlares":true,"showImageEffects":true,"showParticleSystems":true,"showVisualEffectGraphs":true,"m_FxEnabled":true},"in2DMode":false,"pivot":{"x":-7.310227394104004,"y":8.141477584838868,"z":32.064735412597659},"rotation":{"x":0.03316476196050644,"y":0.9641729593276978,"z":-0.14118419587612153,"w":0.22301600873470307},"size":0.1400095820426941,"orthographic":false}