{"cameraMode":{"drawMode":0,"name":"Shaded","section":"Shading Mode"},"sceneLighting":false,"audioPlay":false,"sceneViewState":{"m_AlwaysRefresh":false,"showFog":true,"showSkybox":false,"showFlares":true,"showImageEffects":true,"showParticleSystems":true,"showVisualEffectGraphs":true,"m_FxEnabled":true},"in2DMode":false,"pivot":{"x":0.0026000067591667177,"y":-0.000550001859664917,"z":0.00015000253915786743},"rotation":{"x":-0.026594115421175958,"y":0.9731649160385132,"z":-0.17287825047969819,"w":-0.14976774156093598},"size":0.2083718627691269,"orthographic":false}