{"cameraMode":{"drawMode":0,"name":"Shaded","section":"Shading Mode"},"sceneLighting":false,"audioPlay":false,"sceneViewState":{"m_AlwaysRefresh":false,"showFog":true,"showSkybox":false,"showFlares":true,"showImageEffects":true,"showParticleSystems":true,"showVisualEffectGraphs":true,"m_FxEnabled":true},"in2DMode":false,"pivot":{"x":-0.004649996757507324,"y":0.012000001966953278,"z":-0.021750472486019136},"rotation":{"x":-0.026594115421175958,"y":0.9731649160385132,"z":-0.17287825047969819,"w":-0.14976774156093598},"size":0.2676800787448883,"orthographic":false}