{"cameraMode":{"drawMode":0,"name":"Shaded","section":"Shading Mode"},"sceneLighting":false,"audioPlay":false,"sceneViewState":{"m_AlwaysRefresh":false,"showFog":true,"showSkybox":false,"showFlares":true,"showImageEffects":true,"showParticleSystems":true,"showVisualEffectGraphs":true,"m_FxEnabled":true},"in2DMode":false,"pivot":{"x":0.04787743091583252,"y":0.7814310193061829,"z":-0.8321211338043213},"rotation":{"x":0.00021747306163888425,"y":1.0000876188278199,"z":-0.002111080102622509,"w":-0.008410700596868992},"size":1.5978977680206299,"orthographic":false}