{"cameraMode":{"drawMode":0,"name":"Shaded","section":"Shading Mode"},"sceneLighting":false,"audioPlay":false,"sceneViewState":{"m_AlwaysRefresh":false,"showFog":true,"showSkybox":false,"showFlares":true,"showImageEffects":true,"showParticleSystems":true,"showVisualEffectGraphs":true,"m_FxEnabled":true},"in2DMode":false,"pivot":{"x":0.002750009298324585,"y":0.6004000902175903,"z":-0.0006499961018562317},"rotation":{"x":0.19912387430667878,"y":0.7270170450210571,"z":-0.2355434149503708,"w":0.6136245727539063},"size":0.6310755610466003,"orthographic":false}