{"cameraMode":{"drawMode":0,"name":"Shaded","section":"Shading Mode"},"sceneLighting":false,"audioPlay":false,"sceneViewState":{"m_AlwaysRefresh":false,"showFog":true,"showSkybox":false,"showFlares":true,"showImageEffects":true,"showParticleSystems":true,"showVisualEffectGraphs":true,"m_FxEnabled":true},"in2DMode":false,"pivot":{"x":-0.04099506139755249,"y":-0.17466816306114198,"z":0.5390318036079407},"rotation":{"x":0.001044554985128343,"y":0.9760769605636597,"z":-0.21756242215633393,"w":0.004687845706939697},"size":0.34115129709243777,"orthographic":false}